Aaron,Aron	Ron,Ronnie,Ronny
Abel	Abe,Abie
Abner	Ab,Abbie
Abraham	Abe,Abie,Bram
Adam	Ad,Addie,Addy,Ade
Adrian	Ade
Alan,Allan,Allen	Al
Albert	Al,Bert,Bertie
Alexander	Al,Alex,Alec,Aleck,Lex,Sandy,Sander
Alfred	Al,Alf,Alfie,Fred,Freddie,Freddy
Algernon	Algie,Algy,Alger
Alister,Allister,Alistair,Alastair,Alaster	Al
Alonso,Alonzo	Al,Lon,Lonnie,Lonny
Alvin,Alwin,Alwyn	Al,Vin,Vinny,Win
Andrew	Andy,Drew
Ambrose	Ambie,Brose
Amos
Andre,Andres,Andreas	Andy
Anselm,Ansel
Anthony,Antony,Anton	Tony
Archibald	Arch,Archie,Baldie
Arnold	Arnie
Arthur	Art,Artie
Augustus,August,Augustine	Augie,Gus,Gussy,Gust,Gustus
Austin,Austen
Avery	Avy
Baldwin	Baldie,Win
Barrett	Barry,Barrie
Bartholomew	Bart,Barty,Bartlett,Bartley,Bat,Batty
Basil	Baz,Basie
Benedict	Ben,Bennie,Benny
Benjamin	Ben,Bennie,Benny,Benjy,Benjie
Bennet,Bennett	Ben,Bennie,Benny
Bernard,Barnard	Bernie,Berney,Barney,Barnie
Bert 
Blake
Bradford	Brad,Ford
Bradley	Brad
Brady
Brandon,Branden	Brandy
Brenton	Brent
Bret,Brett
Brian,Bryan,Bryant
Broderick	Brodie,Brody,Brady,Rick,Ricky
Bruce
Bruno
Burton	Burt
Byron	Ron,Ronnie,Ronny
Caleb	Cal
Calvin	Cal,Vin,Vinny
Cameron	Cam,Ron,Ronny
Carl,Karl,Carlos
Carey,Cary,Carry
Casey,Kasey
Caspar,Casper	Cas,Cass
Cassius	Cas,Cass
Cecil	Cis
Cedric	Ced,Rick,Ricky
Charles	Charlie,Charley,Chuck,Chas
Chester	Chet
Christopher,Kristopher,Kristofer	Chris,Kris,Cris,Christy,Kit,Kester,Kristof,Toph,Topher
Christian	Chris,Christy,Kit
Clarence	Clare,Clair
Clark
Claude,Claud
Clayton	Clay
Clement	Clem
Clifford	Cliff,Ford
Clinton	Clint
Clyde
Cody
Colin,Collin,Collen	Cole,Col
Conrad	Con,Connie,Conny
Cornelius	Connie,Conny,Corny,Corney,Cory
Cory,Corey,Kory
Craig
Curtis,Kurtis	Curt,Kurt
Cyril	Cy
Cyrus	Cy
Dale
Daniel	Dan,Danny
Darrell,Darrel,Darryl,Daryl	Darry
David	Dave,Davie,Davy
Dean,Deane
Dennis,Denis	Den,Denny
Derek,Derrick	Derry,Rick,Ricky
Dexter	Dex
Dominic,Dominick,Dominique	Dom,Nick
Donald	Don,Donnie,Donny
Douglas,Douglass	Doug
Doyle
Drew
Duane,Dwayne
Dudley
Duncan
Dustin	Dusty
Dwight
Dylan
Earl,Earle
Edgar	Ed,Eddie,Eddy,Ned
Edward	Ed,Eddie,Eddy,Ned,Ted,Teddy
Edwin	Ed,Eddie,Eddy,Ned
Elbert	Bert,Bertie
Elijah	Eli,Lige
Elliot,Elliott	El
Elmer	El
Elvin,Elwin,Elwyn	El,Vin,Win
Elwood	El,Woody
Emery,Emmery,Emory	Em
Emil,Emile	Em
Emmanuel,Emanuel,Immanuel,Manuel	Manny,Mannie
Eric,Erik,Erick	Rick,Ricky
Ernest,Earnest	Ernie
Ervin,Erwin,Irvin,Irvine,Irving,Irwin	Erv,Vin,Win
Ethan
Eugene	Gene
Eustace	Stacy,Stacey
Everett,Everette
Fabian	Fabe,Fab
Felix
Ferdinand	Ferdie,Fred,Freddie
Fernando	Ferdie,Fern
Floyd	
Francis	Frank,Frankie,Franky,Fran
Francisco	Frank,Frankie,Franky,Fran
Franklin,Franklyn	Frank,Frankie,Franky
Frederick,Frederic,Fredrick,Fredric	Fred,Freddie,Freddy,Rick,Ricky
Fred,Freddie 
Gabriel	Gabe,Gabby
Garrett,Garret	Gary,Garry
Geoffrey,Jeffrey	Jeff
George	Georgie,Geordie
Gerald,Gerard	Gerry,Jerry
Gilbert	Gil,Bert
Glenn,Glen
Graham
Grant
Gregory,Gregor	Greg,Gregg
Griffith,Griffin	Griff
Harold	Hal,Harry
Harvey	Harve
Henry	Harry,Hank
Herbert	Herb,Bert,Bertie
Herman	Manny,Mannie
Howard	Howie
Hubert	Hugh,Bert,Bertie
Hugh	Hughie,Hugo
Ian
Immanuel	Manny
Irvin,Irvine,Irving,Irwin 
Isaac,Isaak	Ike
Isidore,Isidor,Isadore,Isador	Izzy
Jack	Jackie
Jacob	Jake
James	Jim,Jimmy,Jimmie,Jamie,Jem
Jason	Jay
Jasper	Jay
Jeffrey,Jeffery,Geoffrey	Jeff
Jeremy,Jeremiah	Jerry
Jerome	Jerry
Jesse	Jess,Jessie,Jessy
John	Jack,Jackie,Jacky,Johnny
Jonathan	Jon,Jonny
Joseph	Joe,Joey,Jo,Jos,Jody
Joshua	Josh
Julian,Julius	Jule,Jules
Justin
Karl,Carl
Keith
Kelly,Kelley
Kelvin	Kel,Kelly
Kendall	Ken,Kenny
Kendrick	Ken,Kenny,Rick,Ricky
Kenneth	Ken,Kenny
Kent	Ken,Kenny
Kevin	Kev
Kristopher	Kris,Kit
Kurtis,Curtis	Kurt,Curt
Kyle
Lamont	Monty,Monte
Lancelot,Launcelot	Lance
Laurence,Lawrence,Lorence,Lorenzo,Loren,Lauren	Larry,Lars,Laurie,Lawrie
Lee,Leigh
Leo,Leon	Lee
Leonard	Leo,Leon,Len,Lenny,Lennie
Leopold	Leo,Poldie
Leroy	Lee,Roy
Leslie,Lesley	Les
Lester	Les
Lewis	Lew,Lewie
Lincoln	Lin,Linc,Lynn
Lionel	Leo,Leon
Lloyd,Loyd,Loyde,Floyd	Loy,Floy
Louis,Luis	Lou,Louie
Luke,Lucas	Luke
Lyle,Lyall
Lynn
Malcolm	Mal,Malc,Mac
Manuel	Manny
Mark,Marc,Marcus,Markus	Mark,Marc
Martin	Mart,Marty
Marvin,Mervin	Marv,Merv
Matthew	Matt,Mat,Matty,Mattie
Maximilian	Max
Melvin	Mel
Michael	Mike,Mickey
Miles,Myles
Milton	Milt
Mitchell	Mitch
Montague	Monty,Monte
Montgomery	Monty,Monte
Morris,Maurice	Morry
Mortimer	Mort,Morty
Moses	Mo,Moe,Mose,Moss
Nathan,Nathaniel	Nat,Nate
Neal,Neil
Nelson
Neville,Nevil,Nevill
Nicholas,Nicolas	Nick,Nicky,Nicol,Cole
Nigel
Noah
Noel,Nowell
Norbert	Bert,Norby
Norris
Norman	Norm
Oliver	Ollie,Noll,Nollie,Nolly
Oscar	Ossy
Oswald,Oswold	Ossy,Ozzie,Ozzy
Owen
Patrick	Pat,Paddy,Patsy
Paul	Pauly
Perry
Peter	Pete
Philip,Phillip	Phil,Pip
Quentin,Quintin,Quenton,Quinton	Quinn
Quincy	Quinn
Ralph	Rafe
Randall,Randal	Rand,Randy
Randolph	Rand,Randy,Dolph
Raphael,Rafael	Raff,Rafe
Raymond,Raymund	Ray
Reginald	Reg,Reggie,Rex
Reuben,Ruben,Rubin	Rube,Ruby
Reynold	Ray
Richard	Dick,Rick,Ricky,Rich,Richie
Rick,Ricky 
Robert	Bob,Bobbie,Bobby,Dob,Rob,Robbie,Robby,Robin,Bert
Roderic,Roderick	Rod,Roddy,Rick,Ricky
Rodney	Rod,Roddy
Roger,Rodger	Rod,Roddy,Rodge,Roge
Roland	Rolly,Roly
Rolph,Rolf,Rolfe 
Ronald	Ron,Ronnie,Ronny
Ron,Ronnie,Ronny 
Roscoe	Ross
Ross
Roy
Rudolph,Rudolf	Rudy,Rolf,Rolph,Dolph,Dolf
Russell,Russel	Russ
Ryan
Samson,Sampson	Sam,Sammy
Samuel	Sam,Sammy
Saul
Scott	Scotty
Sean,Shaun
Sebastian	Seb,Bass
Seth
Seymour	Sy
Sheldon	Shelly,Don
Sidney,Sydney	Sid,Syd
Silvester,Sylvester	Syl,Vester
Simon,Simeon	Si,Sim,Simie,Simmy
Solomon	Sol,Solly,Sal
Stanley	Stan
Stephen,Steven,Stephan,Steffan,Stefan	Steve,Stevie,Steph,Steff,Stef
Stuart,Stewart	Stu,Stew
Terrence,Terence,Terrance	Terry
Thaddeus,Thadeus	Thad,Tad
Theodore	Ted,Teddy,Theo
Timothy	Tim,Timmy
Thomas	Tom,Tommy
Tobias	Toby,Tobi,Tobie
Todd
Tracy,Tracey
Travis
Troy
Tyler	Ty
Ulysses
Uriah,Urias
Valentine	Val
Victor	Vic,Vick
Vincent	Vince,Vin,Vinny
Virgil,Vergil	Virge
Vernon	Vern
Wallace	Wally
Walter	Walt,Wally
Warren
Wayne
Wesley	Wes
Wilbur,Wilber	Will,Willie,Willy
Wiley	Will,Willie,Willy
Wilfred,Wilfrid	Will,Willie,Willy,Fred,Freddie,Freddy
Willard	Will,Willie,Willy
Willis	Bill,Billy,Billie,Will,Willie,Willy
William	Bill,Billy,Billie,Will,Willie,Willy
Wilson	Will,Willie,Willy
Winfred	Win,Winnie,Winny,Fred,Freddie,Freddy
Winston	Win,Winnie,Winny
Woodrow	Wood,Woody
Zachary,Zachariah,Zacharias	Zack,Zacky,Zach.
Aaron	Erin,Ron,Ronnie
Abel	Ab,Abe,Eb,Ebbie
Abiah,Abijah	A.B.,Ab,Biah
Abiel	Biel,Ab
Abraham,Abram	Abe
Abner	Ab
Adam	Ad,Ade
Adelbert	Ad,Ade,Albert,Bert,Del,Delbert
Elbert
Adolph,Adolphus	Ad,Dolph,Olph
Alan	Al
Alanson	Alan,Al,Lonson
Albert	Al,Bert,Elbert
Aldrich	Al,Rich,Richie
Alexander	Al,Alex,Eleck,Sandy
Alfred	Al,Fred
Alonzo	Al,Lon,Lonzo
Anderson	Ander,Andy,Sonny
Andrew	Andy,Drew
Anthony	Tony
Archibald	Archie,Baldo
Arthur	Art
Asaph	Asa
Asahel	Asa
Azariah	Aze,Riah
Augustus,Augustine	August,Austin,Gus
B.F.	
Barnabas	Barney
Bartholomew	Bart,Bartel,Bat,Mees,Meus
Benedict	Ben,Bennie
Benjamin	Ben,Bennie,Benjy,Jamie
Bernard	Barney,Berney
Bradford	Brad,Ford
Broderick	Ricky,Brady,Brody
Calvin	Cal,Vin,Vinny
Cameron	Cam,Ronny,Ron
Carl	
Casey,Kasey	K.C.
Cedric	Ced,Rick,Ricky
Charles	Carl,Charlie,Chick,Chuck
Chauncey	Chan
Chester	Chet
Christopher,Christian	Chris,Kit
Clarence	Clair,Clare
Clement	Clem
Clifford	Cliff,Ford
Clifton	Cliff,Tony
Columbus	Clum
Conrad	Con,Conny
Cornelius	Con,Conny,Corny,Niel
Courtney	Court,Curt
Cyrenius	Cene,Cy,Renius,Serene,Swene
Curtis	Curt
Dalton	Dahl,Dal
Daniel	Dan,Danny
David	Dave,Davey,Day
Delbert	Bert,Del
Dennis	Denny
Derrick	Eric,Rick,Ricky
Donald	Don,Donny
Ebenezer	Eben,Eb,Ebbie
Edmund	Ed,Ned,Ted
Edward	Ed,Ned,Ted,Teddy
Edwin	Ed,Ned,Win
Elbert	Albert
Eleazer	Lazar
Elias	Eli,Lee,Lias
Elijah	Eli,Lige
Eliphalet	Left
Elisha	Eli,Lish
Ellswood,Elswood	Elsey,Elze,Elsie
Elwood	Woody
Emanuel	Manny,Manuel
Ephraim	Eph
Epaphroditius	Dite,Ditus,Dyce,Dyche,Eppa
Eric	Rick,Ricky
Ernest	Ernie
Eugene	Gene
Ezekiel	Ez,Zeke
Ezra	Ez
Ferdinand	Ferdie
Francis	Frank,Fran
Franklin	Frank,Fran
Frederick	Fred,Freddy,Fritz
G.W.	
Gabriel	Gabe,Gabby
Geoffrey,Jeffrey	Geoff,Jeff
Gerald	Jerry,Gerry
Gilbert	Gil,Bert,Wilber
Harold	Hal,Harry
Henry	Hal,Hank,Harry
Herbert	Herb,Bert
Hezekiah	Hez,Hy,Kiah
Hiram	Hy
Hopkins	Hop,Hopp
Horace	Horry
Hubert	Hugh,Bert,Hub
Ignatius	Iggy,Nace,Nate,Natius
Isaac	Ike,Zeke
Isidore	Izzy
Jacob	Jaap,Jake,Jay
James	Jamie,Jem,Jim,Jimmy
Jay	
Jedidiah	Jed
Jefferson	Jeff,Sonny
Jehiel	Hiel
Jeremiah	Jereme,Jerry
John	Jack,Jock,Johnny
for Jonathan
Jonathan	Nathan,Jon
Joseph	Joe,Joey,Jos,Jody
Joshua	Josh,Jos
Josiah	Jos
Judson	Jud,Sonny
Julias,Julian	Jule
Junior	JR,June,Junie
K.C.	Casey
Kenneth	Ken,Kenny,Kendrick
Kent,etc.
King	
Lafayette	Fate,Laffie
Lamont	Monty
Lawrence,Laurence	Larry,Lon,Lonny,Lorne,Lorry
Lemuel	Lem
Leonard	Leo,Leon,Len,Lenny,Lineau
LeRoy	L.R.,Lee,Roy
Leslie	Les
Lester	Les
Levi	Lee
Lincoln	Link
Lorenzo	Loren
Lucias,Lucas	Luke
Luther	Luke
Lyndon	Lynn,Lindy
Marcus	Mark
Martin	Marty
Marvin	Marv
Matthew,Matthias	Matt,Thias,Thys
Maurice,Morris	Morey
Mervyn	Merv
Micah	
Michael	Mike,Micah,Mick,Micky
Mitchell	Mitch
Montgomery	Monty,Gum
Napoleon	Nap,Nappy,Leon
Nathan	Nate
Nathaniel	Nathan,Nate,Nat,Natty,Than
Nicholas	Nick,Claas,Claes
Norbert	Bert,Norby
Obadiah	Diah,Dyer,Obed,Obie
Oliver	Ollie
Oswald	Ossy,Ozzy,Waldo
Patrick	Paddy,Pat,Patsy,Pate
Pelegrine	Perry
Percival	Percy
Peter	Pete,Pate
Philetus	Leet,Phil
Phillip	Phil
Prescott	Scott,Scotty,Pres
Ralph	
Randolph	Randy,Dolph
Raymond	Ray
Reginald	Reg,Reggie,Naldo,Renny
Reuben	Rube
Richard	Dick,Dickon,Rich,Rick,Ricky
Robert	Bob,Dob,Dobbin,Hob,Hobkin,Rob
Robby,Bobby,Robin,Rupert
Roger,Rodger	Roge,Hodge,Rod
Roland	Lanny,Rollo,Rolly
Ronald	Ron,Ronny,Naldo
Rudolph,Rudolphus	Dolph,Olph,Rolf,Rudy
Rupert	
Russell	Russ,Rusty
Samuel	Sam,Sammy
Seymour	Morey,See
Shelton	Shelly,Shel,Tony
Sheridan	Dan,Danny,Sher
Sidney	Sid,Syd
Silas	Si
Simon,Simeon	Si,Sion
Smith	Smitty
Solomon	Sal,Salmon,Saul,Sol,Solly,Zolly
Spencer	Spence
Stephen,Steven	Steve,Steph
Sullivan	Sully,Van
Sylvester	Si,Sly,Sy,Syl,Vester,Vet,Vessie
Terence	Terry
Thaddeus	Thad
Theodore	Ted,Teddy,Theo
Thomas	Tom,Thom,Tommy
Timothy	Tim,Timmy
Tobias	Toby,Bias
Uriah	Riah
Valentine	Felty,Feltie
Vincent,Vinson	Vince,Vin,Vinny
Wallace	Wally
Washington	Wash
Wilber,Wilbur	Will
Wilfred	Will,Willie,Fred
William	Will,Willie,Bill,Billy
Winfield	Win,Winny,Field
Woodrow	Wood,Woody,Drew
Zachariah	Zach,Zachy,Zeke
Zebedee	Zeb
Zedediah	Zed,Diah,Dyer
Zephaniah	Zeph
